{
  "amount": {
    "count": 84816.0,
    "mean": 416.12809434540657,
    "std": 1433.5866252044018,
    "min": 0.01,
    "25%": 26.69,
    "50%": 60.4,
    "75%": 94.0,
    "max": 29968.32
  },
  "age_at_transaction": {
    "count": 84816.0,
    "mean": 62.10564418616487,
    "std": 23.740969307677926,
    "min": 17.76044631532217,
    "25%": 45.98845207857686,
    "50%": 61.70851173262304,
    "75%": 85.03977264871892,
    "max": 100.72808466514459
  },
  "days_until_card_expires": {
    "count": 84816.0,
    "mean": 934.8191047417679,
    "std": 576.7256639024923,
    "min": -111.62795138888889,
    "25%": 434.1557378472222,
    "50%": 948.4743171296296,
    "75%": 1440.3301967592593,
    "max": 1945.7606018518518
  },
  "loc_delta": {
    "count": 84816.0,
    "mean": 0.2727133443697281,
    "std": 0.21422199778705575,
    "min": 0.0,
    "25%": 0.10438269582313515,
    "50%": 0.2330147663043758,
    "75%": 0.425086158831138,
    "max": 2.6151711178597274
  },
  "trans_volume_mavg": {
    "count": 84816.0,
    "mean": 417.7312859083524,
    "std": 1382.9619739309694,
    "min": 0.01,
    "25%": 29.22,
    "50%": 61.16,
    "75%": 96.14,
    "max": 29968.32
  },
  "trans_volume_mstd": {
    "count": 84816.0,
    "mean": 73.52077942916287,
    "std": 550.932125087133,
    "min": 0.0,
    "25%": 0.0,
    "50%": 0.0,
    "75%": 0.0,
    "max": 21147.76777406542
  },
  "trans_freq": {
    "count": 84816.0,
    "mean": 1.1450315978117336,
    "std": 0.4055118434264107,
    "min": 1.0,
    "25%": 1.0,
    "50%": 1.0,
    "75%": 1.0,
    "max": 11.0
  },
  "loc_delta_mavg": {
    "count": 84816.0,
    "mean": 0.2711553340566189,
    "std": 0.20823470198250643,
    "min": 0.0,
    "25%": 0.11115175926671826,
    "50%": 0.23542939281723002,
    "75%": 0.41472285291003824,
    "max": 2.4271430790257322
  }
}